{
	"info": {
		"_postman_id": "6fc4c2d6-a29a-4431-8f8d-104745053750",
		"name": "ServiceNow",
		"schema": "https://schema.getpostman.com/json/collection/v2.1.0/collection.json"
	},
	"item": [
		{
			"name": "incident",
			"item": [
				{
					"name": "Get All Incidents",
					"request": {
						"method": "GET",
						"header": [],
						"url": {
							"raw": "https://dev92834.service-now.com/api/now/table/incident?sysparm_fields=number,short_description,state&sysparm_limit=10&number=INC0000060",
							"protocol": "https",
							"host": [
								"dev92834",
								"service-now",
								"com"
							],
							"path": [
								"api",
								"now",
								"table",
								"incident"
							],
							"query": [
								{
									"key": "sysparm_fields",
									"value": "number,short_description,state"
								},
								{
									"key": "sysparm_limit",
									"value": "10"
								},
								{
									"key": "number",
									"value": "INC0000060"
								}
							]
						}
					},
					"response": []
				}
			],
			"protocolProfileBehavior": {}
		},
		{
			"name": "ChangeRequest",
			"item": [
				{
					"name": "Get All Change Requests",
					"request": {
						"method": "GET",
						"header": [],
						"url": {
							"raw": "https://dev92834.service-now.com/api/now/table/change_request",
							"protocol": "https",
							"host": [
								"dev92834",
								"service-now",
								"com"
							],
							"path": [
								"api",
								"now",
								"table",
								"change_request"
							]
						}
					},
					"response": []
				}
			],
			"event": [
				{
					"listen": "prerequest",
					"script": {
						"id": "cc9f2f32-f565-44f3-99d4-1cfed87b10ed",
						"type": "text/javascript",
						"exec": [
							""
						]
					}
				},
				{
					"listen": "test",
					"script": {
						"id": "043012df-dc30-4cf4-b578-47d9cffe181b",
						"type": "text/javascript",
						"exec": [
							""
						]
					}
				}
			],
			"protocolProfileBehavior": {}
		}
	],
	"auth": {
		"type": "basic",
		"basic": [
			{
				"key": "password",
				"value": "India@123",
				"type": "string"
			},
			{
				"key": "username",
				"value": "admin",
				"type": "string"
			}
		]
	},
	"event": [
		{
			"listen": "prerequest",
			"script": {
				"id": "398a7094-1522-44b3-9618-4b31abab5d26",
				"type": "text/javascript",
				"exec": [
					""
				]
			}
		},
		{
			"listen": "test",
			"script": {
				"id": "ddd73266-d32f-49ea-a405-9ceb25cb7939",
				"type": "text/javascript",
				"exec": [
					""
				]
			}
		}
	],
	"protocolProfileBehavior": {}
}